{
  "routes": [
    {
      "route": "/*",
      "rewrite": "/index.html"
    }
  ],
  "navigationFallback": {
    "rewrite": "/index.html",
    "exclude": ["/images/*.{png,jpg,gif,ico}", "/css/*"]
  },
  "responseOverrides": {
    "401": {
      "redirect": "/login",
      "statusCode": 302
    }
  },
  "globalHeaders": {
    "X-Content-Type-Options": "nosniff",
    "X-Frame-Options": "DENY",
    "X-XSS-Protection": "1; mode=block"
  },
  "mimeTypes": {
    ".json": "application/json"
  }
}
